[
  {
    "value": "목표",
    "synonyms": [
      "목표"
    ]
  },
  {
    "value": "물건",
    "synonyms": [
      "물건"
    ]
  },
  {
    "value": "살 것",
    "synonyms": [
      "사고 싶은",
      "사고 싶은 거",
      "사고 싶은 것",
      "사고 싶은 게",
      "사고 싶은게",
      "사고싶은",
      "사고싶은 거",
      "사고싶은 것",
      "사고싶은게",
      "사야",
      "사야 하는 거",
      "사야 하는 것",
      "사야 할 거",
      "사야 할 것",
      "사야하는 거",
      "사야하는 것",
      "사야할 거",
      "사야할 것",
      "살 거",
      "살 것"
    ]
  },
  {
    "value": "아이템",
    "synonyms": [
      "아이템"
    ]
  },
  {
    "value": "자전거",
    "synonyms": [
      "자전거",
      "퀵보드"
    ]
  },
  {
    "value": "장난감",
    "synonyms": [
      "닌텐도",
      "딱지",
      "레고",
      "엑스박스",
      "장난감",
      "플스"
    ]
  },
  {
    "value": "컴퓨터",
    "synonyms": [
      "노트북",
      "컴퓨터"
    ]
  },
  {
    "value": "휴대폰",
    "synonyms": [
      "전화기",
      "핸드폰",
      "휴대폰"
    ]
  }
]