[
  {
    "id": "1cc42d06-ea26-4c7b-9145-2adfde3d957f",
    "data": [
      {
        "text": "꺼줘",
        "alias": "logout",
        "meta": "@logout",
        "userDefined": false
      }
    ],
    "isTemplate": false,
    "count": 0,
    "updated": 0
  },
  {
    "id": "739ee1c0-208f-40a3-a3d6-cce5c4d42199",
    "data": [
      {
        "text": "꺼 줘",
        "alias": "logout",
        "meta": "@logout",
        "userDefined": true
      }
    ],
    "isTemplate": false,
    "count": 0,
    "updated": 0
  },
  {
    "id": "3e40ce99-d6cd-465b-9f25-80b0de6fdd94",
    "data": [
      {
        "text": "꺼",
        "alias": "logout",
        "meta": "@logout",
        "userDefined": true
      }
    ],
    "isTemplate": false,
    "count": 0,
    "updated": 0
  },
  {
    "id": "58f4a9a6-6440-4397-89d2-b223d0cca14a",
    "data": [
      {
        "text": "종료",
        "alias": "logout",
        "meta": "@logout",
        "userDefined": false
      }
    ],
    "isTemplate": false,
    "count": 0,
    "updated": 0
  },
  {
    "id": "337f042c-0085-41ef-afd9-35ff0c16cade",
    "data": [
      {
        "text": "피그몽",
        "alias": "piggybank",
        "meta": "@piggybank",
        "userDefined": false
      },
      {
        "text": " ",
        "userDefined": false
      },
      {
        "text": "잘 자",
        "alias": "logout",
        "meta": "@logout",
        "userDefined": true
      }
    ],
    "isTemplate": false,
    "count": 0,
    "updated": 0
  },
  {
    "id": "ad4ec059-ae88-4ab3-b8f1-41a8ae9f76b7",
    "data": [
      {
        "text": "굿바이",
        "alias": "logout",
        "meta": "@logout",
        "userDefined": false
      }
    ],
    "isTemplate": false,
    "count": 0,
    "updated": 0
  },
  {
    "id": "b88cf3e7-f804-42e8-8d2c-31e3fba805b1",
    "data": [
      {
        "text": "바이바이",
        "alias": "logout",
        "meta": "@logout",
        "userDefined": false
      }
    ],
    "isTemplate": false,
    "count": 0,
    "updated": 0
  },
  {
    "id": "e155bdc6-8868-48dc-a613-f7e946ba5948",
    "data": [
      {
        "text": "피그몽",
        "alias": "piggybank",
        "meta": "@piggybank",
        "userDefined": false
      },
      {
        "text": " ",
        "userDefined": false
      },
      {
        "text": "종료",
        "alias": "logout",
        "meta": "@logout",
        "userDefined": false
      },
      {
        "text": "해줘",
        "userDefined": false
      }
    ],
    "isTemplate": false,
    "count": 0,
    "updated": 0
  }
]